timestamp,returns
2024-03-27 20:30:00,-0.0014777996753998946
2024-03-27 21:00:00,0.004179461269053385
2024-03-27 21:30:00,-0.0036422227877816234
2024-03-27 22:00:00,0.00554959241101224
2024-03-27 22:30:00,0.0016666522417726692
2024-03-27 23:00:00,-0.00354477920914621
2024-03-27 23:30:00,0.003988640633581022
2024-03-28 00:00:00,0.005061754003419309
2024-03-28 00:30:00,-0.00199966715180764
2024-03-28 01:00:00,-0.003702390861341598
2024-03-28 01:30:00,0.0002679188753169771
2024-03-28 02:00:00,0.00010238671939127541
2024-03-28 02:30:00,-0.00436013402505695
2024-03-28 03:00:00,0.001751343878033662
2024-03-28 03:30:00,0.0003177513884839846
2024-03-28 04:00:00,0.005354596622889365
2024-03-28 04:30:00,0.0008066202868375953
2024-03-28 05:00:00,0.0013480170322338718
2024-03-28 05:30:00,-0.0013896049072922429
2024-03-28 06:00:00,0.00520654253989232
2024-03-28 06:30:00,0.004089205644405386
2024-03-28 07:00:00,-0.00025197637305820407
2024-03-28 07:30:00,0.0007538452790492542
2024-03-28 08:00:00,0.0013774335559121427
2024-03-28 08:30:00,0.0011646050839764783
2024-03-28 09:00:00,0.0011037418122617946
2024-03-28 09:30:00,-0.0012737771739130435
2024-03-28 10:00:00,-0.0030723015435623153
2024-03-28 10:30:00,0.006408176128253895
2024-03-28 11:00:00,-0.0005932203389830508
2024-03-28 11:30:00,-0.0015661833290936287
2024-03-28 12:00:00,-0.0017845015186733915
2024-03-28 12:30:00,0.004510139518527046
2024-03-28 13:00:00,0.0025529668269594686
2024-03-28 13:30:00,-0.001999718389186202
2024-03-28 14:00:00,0.00231411786848333
2024-03-28 14:30:00,0.006981363137299079
2024-03-28 15:00:00,-0.006625712191721476
2024-03-28 15:30:00,0.0031858610809777804
2024-03-28 16:00:00,-0.004983842139710896
2024-03-28 16:30:00,-0.0034979871736241738
2024-03-28 17:00:00,0.00018447532614210028
2024-03-28 17:30:00,0.0012895332390381647
2024-03-28 18:00:00,0.0015609293589764596
2024-03-28 18:30:00,-0.004959967797655517
2024-03-28 19:00:00,0.002040963855421761
2024-03-28 19:30:00,0.0014748069143066564
2024-03-28 20:00:00,-0.0025021801383253513
2024-03-28 20:30:00,0.0007502007190484985
2024-03-28 21:00:00,0.0029292210100224023
2024-03-28 21:30:00,-0.0014007965452004574
2024-03-28 22:00:00,0.0002569869292690075
2024-03-28 22:30:00,0.0006782486833683101
2024-03-28 23:00:00,0.0011125225835592674
2024-03-28 23:30:00,-0.002061561479846427
2024-03-29 00:00:00,-0.0004974526918393797
2024-03-29 00:30:00,-0.0001356978686952264
2024-03-29 01:00:00,0.0016924954114459056
2024-03-29 01:30:00,-0.0009242754620319557
2024-03-29 02:00:00,-0.0018210196608248672
2024-03-29 02:30:00,-0.0005919805946978145
2024-03-29 03:00:00,-0.004450767552430408
2024-03-29 03:30:00,0.0019523515837288684
2024-03-29 04:00:00,0.0007917125849082869
2024-03-29 04:30:00,-0.0018858691026695379
2024-03-29 05:00:00,-0.0002494135938225427
2024-03-29 05:30:00,-0.002371228206940056
2024-03-29 06:00:00,0.0020297600295009423
2024-03-29 06:30:00,0.0016333168190963059
2024-03-29 07:00:00,-0.0023001785541640024
2024-03-29 07:30:00,-0.006858530203558928
2024-03-29 08:00:00,0.0008828837890244435
2024-03-29 08:30:00,0.0011072835350160104
2024-03-29 09:00:00,-0.0008519583029471315
2024-03-29 09:30:00,-0.001999043699169792
2024-03-29 10:00:00,0.0026691530769973825
2024-03-29 10:30:00,0.0026906514557307483
2024-03-29 11:00:00,0.0017400294203188088
2024-03-29 11:30:00,-0.0012417771951840858
2024-03-29 12:00:00,-0.0017347473253839243
2024-03-29 12:30:00,0.0018408734166024242
2024-03-29 13:00:00,0.0002001425516748909
2024-03-29 13:30:00,0.003743513058826195
2024-03-29 14:00:00,-0.00043591422003298595
2024-03-29 14:30:00,-0.004746861291388948
2024-03-29 15:00:00,-0.0020244975045612783
2024-03-29 15:30:00,-0.010583524027459955
2024-03-29 16:00:00,0.0031240247360543897
2024-03-29 16:30:00,-0.003165162547992513
2024-03-29 17:00:00,0.0023639544434623976
2024-03-29 17:30:00,0.0009271704643783328
2024-03-29 18:00:00,0.0015049501983236432
2024-03-29 18:30:00,7.524232560642977e-05
2024-03-29 19:00:00,-0.0006633198099145033
2024-03-29 19:30:00,0.002851821590064366
2024-03-29 20:00:00,-0.00027316054792300855
2024-03-29 20:30:00,-0.00045027097381867523
2024-03-29 21:00:00,-0.0021529660238459535
2024-03-29 21:30:00,-0.0006583103147854211
2024-03-29 22:00:00,0.004033851915874371
2024-03-29 22:30:00,0.001549210459336969
2024-03-29 23:00:00,0.000573000311282419
2024-03-29 23:30:00,3.650785083419521e-05
2024-03-30 00:00:00,-0.0008664214859930781
2024-03-30 00:30:00,0.002047427704910766
2024-03-30 01:00:00,0.002233712921059124
2024-03-30 01:30:00,-0.0016126615978803954
2024-03-30 02:00:00,-0.0006666563774365287
2024-03-30 02:30:00,6.520858739892199e-05
2024-03-30 03:00:00,-0.000742986137931914
2024-03-30 03:30:00,-0.0015463198346356134
2024-03-30 04:00:00,0.0011702066672398628
2024-03-30 04:30:00,0.003047140346251121
2024-03-30 05:00:00,-0.001354388726119539
2024-03-30 05:30:00,0.00047446458743513576
2024-03-30 06:00:00,0.0010200437671769526
2024-03-30 06:30:00,-0.0016866871580605253
2024-03-30 07:00:00,-0.00037192676216011867
2024-03-30 07:30:00,-0.001169817423544863
2024-03-30 08:00:00,0.0012589442448324782
2024-03-30 08:30:00,0.00037017380010213625
2024-03-30 09:00:00,0.0015800531686819728
2024-03-30 09:30:00,-0.0009739347936028824
2024-03-30 10:00:00,0.0003096774783339039
2024-03-30 10:30:00,0.00017421107728270543
2024-03-30 11:00:00,0.0005762241300564786
2024-03-30 11:30:00,0.0014411576062800225
2024-03-30 12:00:00,-0.0009943927023343879
2024-03-30 12:30:00,0.0014994203705521521
2024-03-30 13:00:00,-0.0008079022610581843
2024-03-30 13:30:00,-0.00020110555319278342
2024-03-30 14:00:00,-0.00015752400209597246
2024-03-30 14:30:00,-0.0014112382068293846
2024-03-30 15:00:00,-0.00045132635835884807
2024-03-30 15:30:00,-9.156305709176505e-05
2024-03-30 16:00:00,0.00014814287830605894
2024-03-30 16:30:00,0.002396788132499289
2024-03-30 17:00:00,-0.0020534875731299434
2024-03-30 17:30:00,2.7843594959325358e-05
2024-03-30 18:00:00,-0.0010003423952417295
2024-03-30 18:30:00,-0.0005867138820078064
2024-03-30 19:00:00,-0.0004923853316365737
2024-03-30 19:30:00,8.384546793784478e-05
2024-03-30 20:00:00,-0.00011202303296569958
2024-03-30 20:30:00,-0.00108758936197087
2024-03-30 21:00:00,-0.0016113160250672191
2024-03-30 21:30:00,0.0003166427092335709
2024-03-30 22:00:00,0.000730184861120574
2024-03-30 22:30:00,-0.0007461342121454435
2024-03-30 23:00:00,-0.002537402337404998
2024-03-30 23:30:00,0.0005491488193298626
2024-03-31 00:00:00,0.003954030177558484
2024-03-31 00:30:00,0.00021472347409983984
2024-03-31 01:00:00,0.00128405695591201
2024-03-31 01:30:00,0.0011653467360357263
2024-03-31 02:00:00,0.0009489812977729873
2024-03-31 02:30:00,-0.001711595819198999
2024-03-31 03:00:00,-0.0010004284897228838
2024-03-31 03:30:00,-4.848398169335552e-05
2024-03-31 04:00:00,0.0007350185792787323
2024-03-31 04:30:00,0.002115395609421375
2024-03-31 05:00:00,0.0017309884005095256
2024-03-31 05:30:00,0.0015413445091487575
2024-03-31 06:00:00,-0.0017342939426372326
2024-03-31 06:30:00,-0.00012275072119602128
2024-03-31 07:00:00,-9.98362173324042e-05
2024-03-31 07:30:00,0.0013350330446672163
2024-03-31 08:00:00,0.0011127750501694115
2024-03-31 08:30:00,-0.0016189272113616795
2024-03-31 09:00:00,0.0002503344434007416
2024-03-31 09:30:00,-0.0008290697729013206
2024-03-31 10:00:00,0.0007987148792934699
2024-03-31 10:30:00,-0.00020332545974829116
2024-03-31 11:00:00,0.0011923071285250845
2024-03-31 11:30:00,0.00027106966049636575
2024-03-31 12:00:00,0.0008081569998801384
2024-03-31 12:30:00,0.001038524222150461
2024-03-31 13:00:00,0.0023546099290780143
2024-03-31 13:30:00,-0.0011323690130515297
2024-03-31 14:00:00,0.001149661568818319
2024-03-31 14:30:00,-0.0018632419731091216
2024-03-31 15:00:00,-0.002733659712813926
2024-03-31 15:30:00,0.000546752063861187
2024-03-31 16:00:00,0.0019733982674049054
2024-03-31 16:30:00,-0.000720362915433341
2024-03-31 17:00:00,0.00044884851128585237
2024-03-31 17:30:00,0.00011744542581979298
2024-03-31 18:00:00,0.0006194944171043006
2024-03-31 18:30:00,0.004306279639158188
2024-03-31 19:00:00,0.001835537997090147
2024-03-31 19:30:00,0.0005188298028348385
2024-03-31 20:00:00,-0.0016911301623927146
2024-03-31 20:30:00,-0.0008941743273241365
2024-03-31 21:00:00,-0.0009658385093167456
2024-03-31 21:30:00,0.00119299317508419
2024-03-31 22:00:00,0.0009316078993461916
2024-03-31 22:30:00,0.0006767998646400271
2024-03-31 23:00:00,0.0017613078429347389
2024-03-31 23:30:00,0.002602433729859017
2024-04-01 00:00:00,-0.002833894500561167
2024-04-01 00:30:00,0.0010533499892160054
2024-04-01 01:00:00,-0.0028754993123256863
2024-04-01 01:30:00,-0.0018185080481878425
2024-04-01 02:00:00,0.00017820011109986034
2024-04-01 02:30:00,0.0004953983297635642
2024-04-01 03:00:00,-0.0036808392736873093
2024-04-01 03:30:00,-0.0002566349409039965
2024-04-01 04:00:00,0.0001916756117646444
2024-04-01 04:30:00,-0.0024298336835143876
2024-04-01 05:00:00,-0.000738179962566945
2024-04-01 05:30:00,-0.017200121799443396
2024-04-01 06:00:00,0.0028701353396329817
2024-04-01 06:30:00,0.0035892229030393876
2024-04-01 07:00:00,0.0012791790730036813
2024-04-01 07:30:00,-0.0015647593302019847
2024-04-01 08:00:00,-0.0031170369569972697
2024-04-01 08:30:00,0.00015321857747151665
2024-04-01 09:00:00,0.001312895021432987
2024-04-01 09:30:00,-0.0012196361126280155
2024-04-01 10:00:00,-0.0009764392247279309
2024-04-01 10:30:00,0.0032711533404695217
2024-04-01 11:00:00,0.0004899790091152449
2024-04-01 11:30:00,-0.0018402579637574689
2024-04-01 12:00:00,0.003911315865246084
2024-04-01 12:30:00,0.0015697315151064991
2024-04-01 13:00:00,0.0025036822857820397
2024-04-01 13:30:00,-0.0019422706156123084
2024-04-01 14:00:00,-0.0070208929593588345
2024-04-01 14:30:00,-0.006965186891711637
2024-04-01 15:00:00,-0.0013071417365698983
2024-04-01 15:30:00,-0.00841156126482222
2024-04-01 16:00:00,0.0061673150182856564
2024-04-01 16:30:00,-0.0013374991024351535
2024-04-01 17:00:00,-0.0016677320608689573
2024-04-01 17:30:00,0.004356202654655314
2024-04-01 18:00:00,-1.4545454537834634e-07
2024-04-01 18:30:00,0.0025760000000000847
2024-04-01 19:00:00,0.006135322681499721
2024-04-01 19:30:00,0.004297332991684491
2024-04-01 20:00:00,-0.0033306048514523414
2024-04-01 20:30:00,0.004523883028170854
2024-04-01 21:00:00,0.00010813127078921414
2024-04-01 21:30:00,-0.002174006249999112
2024-04-01 22:00:00,0.0022129454506573908
2024-04-01 22:30:00,-0.00040421577407969333
2024-04-01 23:00:00,0.0007113573311834798
2024-04-01 23:30:00,-0.0015995954209054107
2024-04-02 00:00:00,-0.003431452289676024
2024-04-02 00:30:00,-0.0008893427407056037
2024-04-02 01:00:00,0.00044701386089044006
2024-04-02 01:30:00,0.00015912348328214087
2024-04-02 02:00:00,-0.01359482308399116
2024-04-02 02:30:00,-0.021209751787348408
2024-04-02 03:00:00,-0.0006569047917927465
2024-04-02 03:30:00,-0.003704594336240872
2024-04-02 04:00:00,-0.0006603804841001654
2024-04-02 04:30:00,-0.0010177029915426918
2024-04-02 05:00:00,-0.0024624546248660454
2024-04-02 05:30:00,0.005066380040976459
2024-04-02 06:00:00,0.0013286973463798562
2024-04-02 06:30:00,0.00020387911808152976
2024-04-02 07:00:00,-0.001839024558761989
2024-04-02 07:30:00,-0.004322485916337049
2024-04-02 08:00:00,0.0015297454687723889
2024-04-02 08:30:00,-0.0047647773379718055
2024-04-02 09:00:00,-0.0010268716706305957
2024-04-02 09:30:00,-0.001379284080988163
2024-04-02 10:00:00,0.0025939479491299423
2024-04-02 10:30:00,-0.004047566147277364
2024-04-02 11:00:00,-0.011639486596828487
2024-04-02 11:30:00,0.0062360463689892405
2024-04-02 12:00:00,0.0023767693765677873
2024-04-02 12:30:00,-0.00658374615718847
2024-04-02 13:00:00,-0.007308681015609683
2024-04-02 13:30:00,0.005491306266773475
2024-04-02 14:00:00,0.00999322337414645
2024-04-02 14:30:00,-0.002636620316959171
2024-04-02 15:00:00,0.0019218502363159541
2024-04-02 15:30:00,-0.014257940851830644
2024-04-02 16:00:00,0.006195100353690916
2024-04-02 16:30:00,0.0038582062120934187
2024-04-02 17:00:00,-0.0019210022716069806
2024-04-02 17:30:00,0.0029045522639028214
2024-04-02 18:00:00,6.096815601750694e-07
2024-04-02 18:30:00,0.003093217038696425
2024-04-02 19:00:00,0.001319384096977113
2024-04-02 19:30:00,0.00025903736132119117
2024-04-02 20:00:00,0.0012734599804505888
2024-04-02 20:30:00,-0.005279182894853665
2024-04-02 21:00:00,-0.0037372190459710472
2024-04-02 21:30:00,0.0043988944587934715
2024-04-02 22:00:00,0.0002318367759495592
2024-04-02 22:30:00,0.0016431791628385094
2024-04-02 23:00:00,-0.0033859568408636112
2024-04-02 23:30:00,-0.0019684994353828113
2024-04-03 00:00:00,-0.0055601560491500435
2024-04-03 00:30:00,0.004423963813204887
2024-04-03 01:00:00,0.0005184437511470217
2024-04-03 01:30:00,0.005663546050550794
2024-04-03 02:00:00,0.001485277483333204
2024-04-03 02:30:00,0.0002482921190169238
2024-04-03 03:00:00,-0.0011103610585240932
2024-04-03 03:30:00,0.005961723632003251
2024-04-03 04:00:00,0.0015907700006297521
2024-04-03 04:30:00,-0.00016191487709757313
2024-04-03 05:00:00,-0.0027744098686965295
2024-04-03 05:30:00,-0.000896782876482072
2024-04-03 06:00:00,0.003268908098432271
2024-04-03 06:30:00,0.0008699243601749059
2024-04-03 07:00:00,-0.0009797924033759773
2024-04-03 07:30:00,-0.0022599112117391734
2024-04-03 08:00:00,0.00031117706277281667
2024-04-03 08:30:00,0.005464008406724835
2024-04-03 09:00:00,-0.0010454305260002082
2024-04-03 09:30:00,0.0005428263177008331
2024-04-03 10:00:00,-0.0027625958925509
2024-04-03 10:30:00,-0.001557595984005706
2024-04-03 11:00:00,-0.00516090983921931
2024-04-03 11:30:00,0.003094175639907463
2024-04-03 12:00:00,-0.0022730936765580174
2024-04-03 12:30:00,-0.000145502368547888
2024-04-03 13:00:00,-0.0026807283763278225
2024-04-03 13:30:00,0.0012274178396898005
2024-04-03 14:00:00,0.014601997659413309
2024-04-03 14:30:00,-0.002051078658582011
2024-04-03 15:00:00,-0.005230539204804953
2024-04-03 15:30:00,-0.006690160129620884
2024-04-03 16:00:00,0.007916487053743563
2024-04-03 16:30:00,-0.002451881634547526
2024-04-03 17:00:00,-0.0019111856859427582
2024-04-03 17:30:00,-0.001755615426530321
2024-04-03 18:00:00,-0.0047812045123726615
2024-04-03 18:30:00,0.0055820922081984345
2024-04-03 19:00:00,-0.0021156588450114665
2024-04-03 19:30:00,-0.0012059803141135077
2024-04-03 20:00:00,-0.0008515747215773183
2024-04-03 20:30:00,-0.00024312321128351066
2024-04-03 21:00:00,0.0007153944485024769
2024-04-03 21:30:00,0.002428412102248518
2024-04-03 22:00:00,0.0015992424609037137
2024-04-03 22:30:00,0.0017549644349724159
2024-04-03 23:00:00,-0.00014000602660923036
2024-04-03 23:30:00,-0.0025324073899056212
2024-04-04 00:00:00,0.003304717913468976
2024-04-04 00:30:00,0.0016128432731562568
2024-04-04 01:00:00,-0.0013457941105480087
2024-04-04 01:30:00,-0.0008279606276850587
2024-04-04 02:00:00,-0.008223422868804973
2024-04-04 02:30:00,0.002199997987806825
2024-04-04 03:00:00,-0.0021857381573909683
2024-04-04 03:30:00,0.0002946615797275539
2024-04-04 04:00:00,-0.004887839073453184
2024-04-04 04:30:00,0.00277430445219514
2024-04-04 05:00:00,-0.0008132203203981159
2024-04-04 05:30:00,0.0025128708016671285
2024-04-04 06:00:00,0.0010367185905139943
2024-04-04 06:30:00,0.001651396742317883
2024-04-04 07:00:00,0.005966578584330034
2024-04-04 07:30:00,-0.0010400479682637648
2024-04-04 08:00:00,0.003407090070007509
2024-04-04 08:30:00,-0.0014590577918678685
2024-04-04 09:00:00,0.0009380848873195046
2024-04-04 09:30:00,-0.0001324640193475745
2024-04-04 10:00:00,0.0013694789672715464
2024-04-04 10:30:00,-0.0012887982442327498
2024-04-04 11:00:00,-0.0007023382053426122
2024-04-04 11:30:00,0.0018362711104366442
2024-04-04 12:00:00,0.0032903977594008617
2024-04-04 12:30:00,0.002057771727186925
2024-04-04 13:00:00,0.00867948852478676
2024-04-04 13:30:00,-0.0006813993579836794
2024-04-04 14:00:00,0.004043000416108122
2024-04-04 14:30:00,0.0026361943650493164
2024-04-04 15:00:00,-0.0014400524257082734
2024-04-04 15:30:00,0.0007913365732419833
2024-04-04 16:00:00,0.004257627719962217
2024-04-04 16:30:00,-0.0018897191798990381
2024-04-04 17:00:00,0.0007867843819982823
2024-04-04 17:30:00,0.01456167540094081
2024-04-04 18:00:00,-0.000365726941119604
2024-04-04 18:30:00,-0.0033491223991630827
2024-04-04 19:00:00,0.001571869054648137
2024-04-04 19:30:00,-0.0029305109522625218
2024-04-04 20:00:00,-0.010782919708029266
2024-04-04 20:30:00,0.0025071807137311336
2024-04-04 21:00:00,5.2847540293100106e-05
2024-04-04 21:30:00,-0.002163101854203132
2024-04-04 22:00:00,0.002025434918999611
2024-04-04 22:30:00,0.0001744566081514051
2024-04-04 23:00:00,0.00588868579240841
2024-04-04 23:30:00,0.002204951306837427
2024-04-05 00:00:00,-0.003910039452282131
2024-04-05 00:30:00,0.005658164761067136
2024-04-05 01:00:00,-0.007747426209452926
2024-04-05 01:30:00,0.0012562710725077017
2024-04-05 02:00:00,-0.0037557218309859923
2024-04-05 02:30:00,-0.004477055184222475
2024-04-05 03:00:00,0.004644971101327086
2024-04-05 03:30:00,-0.000736225334426677
2024-04-05 04:00:00,-0.001002004008016032
2024-04-05 04:30:00,-0.0021831671485042594
2024-04-05 05:00:00,-0.014397912724692603
2024-04-05 05:30:00,0.0032102468728438913
2024-04-05 06:00:00,0.0015244880137746794
2024-04-05 06:30:00,0.002247499626809937
2024-04-05 07:00:00,-0.0019835997793285166
2024-04-05 07:30:00,-0.0011439036798776103
2024-04-05 08:00:00,0.0071305042898817065
2024-04-05 08:30:00,-0.0038094884880131973
2024-04-05 09:00:00,-0.007523320506558291
2024-04-05 09:30:00,0.0024004441376826204
2024-04-05 10:00:00,0.0007090681539184636
2024-04-05 10:30:00,0.0027117559985017
2024-04-05 11:00:00,-0.0034504538398494582
2024-04-05 11:30:00,-0.004870264739717481
2024-04-05 12:00:00,0.00393137579349568
2024-04-05 12:30:00,0.002167237169675752
2024-04-05 13:00:00,0.00029932424785048743
2024-04-05 13:30:00,0.008908135700685285
2024-04-05 14:00:00,0.000820592471023329
2024-04-05 14:30:00,0.008644608721138581
2024-04-05 15:00:00,-0.00609427234379402
2024-04-05 15:30:00,0.006887942763097412
2024-04-05 16:00:00,-0.003601961677427121
2024-04-05 16:30:00,0.00012951652071532726
2024-04-05 17:00:00,-0.0033410939993191494
2024-04-05 17:30:00,-0.004197306943370531
2024-04-05 18:00:00,0.0005625533695447451
2024-04-05 18:30:00,0.0022018232246263027
2024-04-05 19:00:00,0.0033454578146271848
2024-04-05 19:30:00,-0.006526392578319376
2024-04-05 20:00:00,0.003079403332413075
2024-04-05 20:30:00,0.0003473824826059673
2024-04-05 21:00:00,0.0021846894926162708
2024-04-05 21:30:00,-0.004068518567142692
2024-04-05 22:00:00,0.002585482668853194
2024-04-05 22:30:00,-0.0009082581018971032
2024-04-05 23:00:00,0.003113626748947626
2024-04-05 23:30:00,-0.0002722619068150997
2024-04-06 00:00:00,0.000645231399354367
2024-04-06 00:30:00,0.0005331220099378712
2024-04-06 01:00:00,0.0002568461880138003
2024-04-06 01:30:00,-0.0033571365470124966
2024-04-06 02:00:00,-0.0013944454711841353
2024-04-06 02:30:00,-0.0003108190473937551
2024-04-06 03:00:00,0.0024885089959835343
2024-04-06 03:30:00,0.000667968060350656
2024-04-06 04:00:00,-0.0017408685903108922
2024-04-06 04:30:00,0.000973104916965279
2024-04-06 05:00:00,0.0038997080423009258
2024-04-06 05:30:00,0.0005697058823530182
2024-04-06 06:00:00,-0.00044665723576637457
2024-04-06 06:30:00,0.001485993780764566
2024-04-06 07:00:00,-0.002083411944572054
2024-04-06 07:30:00,0.00036017192912985346
2024-04-06 08:00:00,-0.0007945050022047304
2024-04-06 08:30:00,0.0010911417629101098
2024-04-06 09:00:00,-0.0007322221103139419
2024-04-06 09:30:00,-0.00250638809670174
2024-04-06 10:00:00,0.0003243745574699852
2024-04-06 10:30:00,0.0004154009496563874
2024-04-06 11:00:00,-0.0014482140756679695
2024-04-06 11:30:00,-0.0011186240422390377
2024-04-06 12:00:00,0.0016099152097530408
2024-04-06 12:30:00,-0.0005714319438277895
2024-04-06 13:00:00,-0.0023378186303890523
2024-04-06 13:30:00,0.0017755253033442623
2024-04-06 14:00:00,0.0011391432791727524
2024-04-06 14:30:00,0.003199900379346429
2024-04-06 15:00:00,0.0018614877783334851
2024-04-06 15:30:00,-0.0002432451754294919
2024-04-06 16:00:00,-0.001792258634990769
2024-04-06 16:30:00,0.0023760718837867825
2024-04-06 17:00:00,4.226376463316309e-05
2024-04-06 17:30:00,0.0020681955720012386
2024-04-06 18:00:00,-0.00040329607408710183
2024-04-06 18:30:00,0.0006961641822356843
2024-04-06 19:00:00,0.0005668502683755109
2024-04-06 19:30:00,-0.0012585959675768014
2024-04-06 20:00:00,0.0005394082243491748
2024-04-06 20:30:00,0.001364338778877157
2024-04-06 21:00:00,0.0003655505190817371
2024-04-06 21:30:00,-0.0016860337645254085
2024-04-06 22:00:00,0.00530266260515263
2024-04-06 22:30:00,0.005740890643446284
2024-04-06 23:00:00,0.005126274328081557
2024-04-06 23:30:00,-0.007405273015415646
2024-04-07 00:00:00,-0.0008128193218764515
2024-04-07 00:30:00,0.0023242304364076752
2024-04-07 01:00:00,0.007246377861793892
2024-04-07 01:30:00,0.0005992805755394846
2024-04-07 02:00:00,0.0014635833345915555
2024-04-07 02:30:00,-0.004931404881780715
2024-04-07 03:00:00,0.0022121208929118904
2024-04-07 03:30:00,-0.0006516608063747395
2024-04-07 04:00:00,-0.0029397170702413385
2024-04-07 04:30:00,0.0014515059030555475
2024-04-07 05:00:00,0.0012056947577961479
2024-04-07 05:30:00,0.00014065832708818184
2024-04-07 06:00:00,-0.002225576156924908
2024-04-07 06:30:00,1.1264626142205448e-05
2024-04-07 07:00:00,0.002540578198165074
2024-04-07 07:30:00,-0.0008066838365479925
2024-04-07 08:00:00,0.001710397324260415
2024-04-07 08:30:00,-3.828293825852844e-05
2024-04-07 09:00:00,-0.0016413358723858214
2024-04-07 09:30:00,-0.0010950617702199978
2024-04-07 10:00:00,0.001356761437436784
2024-04-07 10:30:00,-0.0008052287551554796
2024-04-07 11:00:00,0.0001712147477199784
2024-04-07 11:30:00,0.0002450244815367814
2024-04-07 12:00:00,-0.0018889225312512762
2024-04-07 12:30:00,0.0015889985827577185
2024-04-07 13:00:00,0.0010490942656052446
2024-04-07 13:30:00,-0.0008471556820014271
2024-04-07 14:00:00,-0.0008641681397514463
2024-04-07 14:30:00,0.004162649132248755
2024-04-07 15:00:00,0.0022644945761933965
2024-04-07 15:30:00,-0.0027571121433530472
2024-04-07 16:00:00,0.006043391690379547
2024-04-07 16:30:00,0.0015720939951841704
2024-04-07 17:00:00,-0.0028772436456825485
2024-04-07 17:30:00,-0.0010645120340094943
2024-04-07 18:00:00,-0.0035278937711987423
2024-04-07 18:30:00,-0.0023258930253115605
2024-04-07 19:00:00,0.0008022768695378234
2024-04-07 19:30:00,-0.005438351240854698
2024-04-07 20:00:00,0.003783517144912775
2024-04-07 20:30:00,-0.00028328558778801724
2024-04-07 21:00:00,-0.00043240700796571283
2024-04-07 21:30:00,-0.003585897346886211
2024-04-07 22:00:00,0.0025885359250079646
2024-04-07 22:30:00,-0.00014448779078167894
2024-04-07 23:00:00,0.0020229768786127924
2024-04-07 23:30:00,0.0002942025229596107
2024-04-08 00:00:00,-0.002254889607006316
2024-04-08 00:30:00,0.0017630488882288175
2024-04-08 01:00:00,0.005683293425266134
2024-04-08 01:30:00,-0.004058949503879743
2024-04-08 02:00:00,-0.0017457543907048035
2024-04-08 02:30:00,-0.0012666664743103723
2024-04-08 03:00:00,0.0010875657248511238
2024-04-08 03:30:00,0.002246069414597828
2024-04-08 04:00:00,-0.001474108088302507
2024-04-08 04:30:00,0.00036694443423147615
2024-04-08 05:00:00,0.002075321830543757
2024-04-08 05:30:00,0.0025312832609384293
2024-04-08 06:00:00,0.001143726148460606
2024-04-08 06:30:00,0.00012281153287698314
2024-04-08 07:00:00,0.004271940982047781
2024-04-08 07:30:00,0.008706144509158098
2024-04-08 08:00:00,0.008109915551416555
2024-04-08 08:30:00,0.009765547447180788
2024-04-08 09:00:00,0.005557886838595004
2024-04-08 09:30:00,-0.0023594682732699535
2024-04-08 10:00:00,-0.0022237686028526342
2024-04-08 10:30:00,0.0039878278727608395
2024-04-08 11:00:00,0.002738925216930046
2024-04-08 11:30:00,-0.001628193785947697
2024-04-08 12:00:00,-0.0015409369648086706
2024-04-08 12:30:00,-0.0015549345899700557
2024-04-08 13:00:00,0.00011956218903273438
2024-04-08 13:30:00,-0.003384604558279554
2024-04-08 14:00:00,-0.00511840338728651
2024-04-08 14:30:00,0.002094694497755926
2024-04-08 15:00:00,-0.0010036808136075254
2024-04-08 15:30:00,0.0016742956884060107
2024-04-08 16:00:00,0.0004741272533583736
2024-04-08 16:30:00,-0.0009455770944740722
2024-04-08 17:00:00,-0.005610251449329043
2024-04-08 17:30:00,0.005068994452015649
2024-04-08 18:00:00,0.0028559581462730367
2024-04-08 18:30:00,6.411326212728891e-05
2024-04-08 19:00:00,-0.0009019783447320707
2024-04-08 19:30:00,-0.0010820706160342604
2024-04-08 20:00:00,-0.00345567538946019
2024-04-08 20:30:00,0.0027124639950782355
2024-04-08 21:00:00,0.001377594092367944
2024-04-08 21:30:00,-0.0016539299531352267
2024-04-08 22:00:00,0.0003767504914426212
2024-04-08 22:30:00,0.0027478066487800924
2024-04-08 23:00:00,-0.0011766492278221412
2024-04-08 23:30:00,-0.002943835472646754
2024-04-09 00:00:00,-0.002563529740296088
2024-04-09 00:30:00,-0.0002295748707345679
2024-04-09 01:00:00,-0.002660179221506654
2024-04-09 01:30:00,0.000638073755710713
2024-04-09 02:00:00,0.0030756733208980257
2024-04-09 02:30:00,-0.00024099698620884502
2024-04-09 03:00:00,0.0003156240626412707
2024-04-09 03:30:00,-0.0030071324465548296
2024-04-09 04:00:00,-0.0015290734376095952
2024-04-09 04:30:00,0.00044958968618780403
2024-04-09 05:00:00,0.00015237047737026347
2024-04-09 05:30:00,-0.002287033999973106
2024-04-09 06:00:00,0.0010821044080871916
2024-04-09 06:30:00,-0.005162169005083261
2024-04-09 07:00:00,-0.00217181487641615
2024-04-09 07:30:00,-0.0032291957133069793
2024-04-09 08:00:00,-0.003750711454509829
2024-04-09 08:30:00,0.005419423844837347
2024-04-09 09:00:00,0.0009695034085811594
2024-04-09 09:30:00,-0.0024964449360090294
2024-04-09 10:00:00,0.00016777431811335045
2024-04-09 10:30:00,0.0023102383827961195
2024-04-09 11:00:00,0.0034295246917699592
2024-04-09 11:30:00,-0.00019475024516773092
2024-04-09 12:00:00,-0.0006549912394744497
2024-04-09 12:30:00,-0.0008264489677303434
2024-04-09 13:00:00,-0.0007310793605883861
2024-04-09 13:30:00,-0.010055731789770863
2024-04-09 14:00:00,0.0007148781603936226
2024-04-09 14:30:00,-0.008855212903371448
2024-04-09 15:00:00,-0.006838833466554578
2024-04-09 15:30:00,0.005516520527263225
2024-04-09 16:00:00,-0.0021969565719565467
2024-04-09 16:30:00,-0.007388024975170554
2024-04-09 17:00:00,0.0027626318762413817
2024-04-09 17:30:00,0.000483059062002084
2024-04-09 18:00:00,0.002092293690034536
2024-04-09 18:30:00,-0.001287118663728165
2024-04-09 19:00:00,0.0034718743911443745
2024-04-09 19:30:00,-0.0017011401458513077
2024-04-09 20:00:00,0.0012640436818250628
2024-04-09 20:30:00,0.0012041164891153648
2024-04-09 21:00:00,-0.001242424952125839
2024-04-09 21:30:00,0.0018613237791458277
2024-04-09 22:00:00,0.00037824810446110283
2024-04-09 22:30:00,0.001236857129281169
2024-04-09 23:00:00,-0.004894293078289691
2024-04-09 23:30:00,0.0023143712218970233
2024-04-10 00:00:00,0.0018191941688600005
2024-04-10 00:30:00,-0.0019198288481027668
2024-04-10 01:00:00,-0.004021908968349216
2024-04-10 01:30:00,0.005939815044075253
2024-04-10 02:00:00,-0.0029123823891381915
2024-04-10 02:30:00,-0.006023339317773847
2024-04-10 03:00:00,0.003321390002152947
2024-04-10 03:30:00,0.0039223281181288774
2024-04-10 04:00:00,-0.0007255223341428505
2024-04-10 04:30:00,0.0004968162083936577
2024-04-10 05:00:00,0.0026853514476309274
2024-04-10 05:30:00,-0.000925851125216287
2024-04-10 06:00:00,0.0029109466901119825
2024-04-10 06:30:00,-0.0012694108131283636
2024-04-10 07:00:00,-0.00014444440440114422
2024-04-10 07:30:00,-0.0003310301554631568
2024-04-10 08:00:00,-0.003927093280328003
2024-04-10 08:30:00,-0.0007539384851643669
2024-04-10 09:00:00,0.0012851403061964126
2024-04-10 09:30:00,0.0005584610613422444
2024-04-10 10:00:00,-0.004211648993862993
2024-04-10 10:30:00,0.0012202242621426151
2024-04-10 11:00:00,0.002004729007612027
2024-04-10 11:30:00,-0.0003936575243242031
2024-04-10 12:00:00,-0.001024289211071378
2024-04-10 12:30:00,-0.014444643558252661
2024-04-10 13:00:00,-0.004075409567407534
2024-04-10 13:30:00,0.008283730166057221
2024-04-10 14:00:00,0.004812058405705163
2024-04-10 14:30:00,0.0016737560733799581
2024-04-10 15:00:00,-0.0010303765306454212
2024-04-10 15:30:00,0.00036528017076530326
2024-04-10 16:00:00,0.0037915846105827187
2024-04-10 16:30:00,0.008450232545721541
2024-04-10 17:00:00,0.0013641728581543346
2024-04-10 17:30:00,-0.0035159236034876503
2024-04-10 18:00:00,-0.0015969695789912342
2024-04-10 18:30:00,0.001082765640814721
2024-04-10 19:00:00,0.002965043447725803
2024-04-10 19:30:00,0.008114804620550812
2024-04-10 20:00:00,-0.003425888933280147
2024-04-10 20:30:00,-0.00045644651235784056
2024-04-10 21:00:00,-0.0026932328692439817
2024-04-10 21:30:00,0.005644605308514306
2024-04-10 22:00:00,0.01285830400355575
2024-04-10 22:30:00,-0.005489492690782121
2024-04-10 23:00:00,0.0008389575771324616
2024-04-10 23:30:00,0.0006219259644599591
2024-04-11 00:00:00,-0.003780913444902767
2024-04-11 00:30:00,0.0022167576245987605
2024-04-11 01:00:00,-7.685762904138193e-05
2024-04-11 01:30:00,0.0005488226690139414
2024-04-11 02:00:00,0.003620384481061796
2024-04-11 02:30:00,0.0026400703190228875
2024-04-11 03:00:00,-0.001612211225305975
2024-04-11 03:30:00,-0.00041661258556569073
2024-04-11 04:00:00,-0.004796641320753894
2024-04-11 04:30:00,0.0013077243808836514
2024-04-11 05:00:00,-0.00047660182474046705
2024-04-11 05:30:00,0.00019328230623766803
2024-04-11 06:00:00,0.0012179815847758275
2024-04-11 06:30:00,0.0006773741880390448
2024-04-11 07:00:00,0.003018334419575452
2024-04-11 07:30:00,-0.002752947008131387
2024-04-11 08:00:00,0.0013008934630174744
2024-04-11 08:30:00,0.0029842709142511017
2024-04-11 09:00:00,-0.0027396064719014427
2024-04-11 09:30:00,-0.0033986978292543054
2024-04-11 10:00:00,0.0011779785847827072
2024-04-11 10:30:00,-0.0032138788410965248
2024-04-11 11:00:00,0.0013218847573091034
2024-04-11 11:30:00,-0.00807873327820698
2024-04-11 12:00:00,0.00013717585773479317
2024-04-11 12:30:00,0.01237385300620424
2024-04-11 13:00:00,-0.001929752711095178
2024-04-11 13:30:00,-0.006194247425167376
2024-04-11 14:00:00,-0.006488104477817854
2024-04-11 14:30:00,-0.0032572898059934365
2024-04-11 15:00:00,0.001371397208786383
2024-04-11 15:30:00,0.004361655710276747
2024-04-11 16:00:00,-0.002913999999999942
2024-04-11 16:30:00,0.0030944462298061236
2024-04-11 17:00:00,0.004440810781124618
2024-04-11 17:30:00,-0.0016909143394255493
2024-04-11 18:00:00,-0.0011579113950646986
2024-04-11 18:30:00,-0.00032728346170351525
2024-04-11 19:00:00,0.003053505896954025
2024-04-11 19:30:00,0.0020746997139537587
2024-04-11 20:00:00,0.003105890220604163
2024-04-11 20:30:00,-0.002531179204092116
2024-04-11 21:00:00,-0.004193639030446099
2024-04-11 21:30:00,-0.0012616093845390594
2024-04-11 22:00:00,0.0019195494970363363
2024-04-11 22:30:00,-0.001405551601423562
2024-04-11 23:00:00,-0.002698027091744176
2024-04-11 23:30:00,0.0006322003373259187
2024-04-12 00:00:00,0.0036252492992764583
2024-04-12 00:30:00,0.0005923711084016341
2024-04-12 01:00:00,-0.0017424916036797439
2024-04-12 01:30:00,0.0014376070831324107
2024-04-12 02:00:00,0.006177005381758055
2024-04-12 02:30:00,-0.0011060022790350898
2024-04-12 03:00:00,0.003936807222161214
2024-04-12 03:30:00,0.000892066320886512
2024-04-12 04:00:00,-0.0019700673187345997
2024-04-12 04:30:00,0.003932242610687271
2024-04-12 05:00:00,-0.0010713482198099209
2024-04-12 05:30:00,-0.001175256521660048
2024-04-12 06:00:00,-0.0020715561348165355
2024-04-12 06:30:00,0.0008716365484605088
2024-04-12 07:00:00,-0.0005336453366564458
2024-04-12 07:30:00,-0.000977083916275533
2024-04-12 08:00:00,0.0002827709004577859
2024-04-12 08:30:00,-0.0003394834031748809
2024-04-12 09:00:00,-0.001273883730057048
2024-04-12 09:30:00,-0.00025258296147516685
2024-04-12 10:00:00,0.0011139104342410278
2024-04-12 10:30:00,0.0007876354663017122
2024-04-12 11:00:00,7.911123053127385e-05
2024-04-12 11:30:00,0.001582099448793727
2024-04-12 12:00:00,-0.000723372447252533
2024-04-12 12:30:00,-0.0044948174882795755
2024-04-12 13:00:00,-0.00547606460012394
2024-04-12 13:30:00,-0.003706307194261806
2024-04-12 14:00:00,-0.0021504407051281134
2024-04-12 14:30:00,-0.006706415611641943
2024-04-12 15:00:00,0.006264326183246273
2024-04-12 15:30:00,-0.005116639731320738
2024-04-12 16:00:00,-0.005431213616103286
2024-04-12 16:30:00,-0.0018867440319197226
2024-04-12 17:00:00,-0.014069326010516386
2024-04-12 17:30:00,0.0039489038189533835
2024-04-12 18:00:00,-0.00756633290778784
2024-04-12 18:30:00,-0.01674601667681096
2024-04-12 19:00:00,0.004752752210792337
2024-04-12 19:30:00,0.0005384084932330893
2024-04-12 20:00:00,0.007660076494547435
2024-04-12 20:30:00,-0.00350391895244381
2024-04-12 21:00:00,-0.0033481828587878285
2024-04-12 21:30:00,0.0009679310611843052
2024-04-12 22:00:00,0.0017502986857825132
2024-04-12 22:30:00,-0.0003558586226019474
2024-04-12 23:00:00,-0.0011796580423374323
2024-04-12 23:30:00,0.0021246981301163777
2024-04-13 00:00:00,-0.0012396351896671205
2024-04-13 00:30:00,-0.0017910493183017713
2024-04-13 01:00:00,-0.00526263325645271
2024-04-13 01:30:00,-0.010133541903510351
2024-04-13 02:00:00,0.009714108960481197
2024-04-13 02:30:00,0.00014009419079606697
2024-04-13 03:00:00,0.003633671997114405
2024-04-13 03:30:00,0.005732297699114318
2024-04-13 04:00:00,0.0033211461192620205
2024-04-13 04:30:00,0.0030278885408153355
2024-04-13 05:00:00,0.0012105765507681276
2024-04-13 05:30:00,-0.004787389994656471
2024-04-13 06:00:00,0.0005327751765969247
2024-04-13 06:30:00,0.0014049881755114472
2024-04-13 07:00:00,-0.0018430253952478903
2024-04-13 07:30:00,0.0014087259048184224
2024-04-13 08:00:00,-0.0008458552278375613
2024-04-13 08:30:00,-0.0031680014198060442
2024-04-13 09:00:00,0.000372752228884064
2024-04-13 09:30:00,0.0028694504934597977
2024-04-13 10:00:00,-0.0009818404768150658
2024-04-13 10:30:00,0.0014937392763274629
2024-04-13 11:00:00,0.00026309447449704296
2024-04-13 11:30:00,-0.0012747979938907542
2024-04-13 12:00:00,-0.0013064131077177691
2024-04-13 12:30:00,0.0036074438685570354
2024-04-13 13:00:00,0.002626094761585298
2024-04-13 13:30:00,-0.002067748035218359
2024-04-13 14:00:00,0.0020868361893545324
2024-04-13 14:30:00,-0.0019711051321563366
2024-04-13 15:00:00,0.004802132399599242
2024-04-13 15:30:00,-0.003068603039494659
2024-04-13 16:00:00,-0.003929901875096418
2024-04-13 16:30:00,0.0003314046885900586
2024-04-13 17:00:00,-0.009545414235712845
2024-04-13 17:30:00,-0.0008658650340551882
2024-04-13 18:00:00,0.00216436593204393
2024-04-13 18:30:00,0.0042017020339953
2024-04-13 19:00:00,-0.0016001484299233177
2024-04-13 19:30:00,-0.03371886335956404
2024-04-13 20:00:00,-0.04152867174034215
2024-04-13 20:30:00,-0.004512512273289479
2024-04-13 21:00:00,-0.00035427715247233614
2024-04-13 21:30:00,0.018349645297909483
2024-04-13 22:00:00,-0.002176137808288875
2024-04-13 22:30:00,0.02392697304361483
2024-04-13 23:00:00,0.001781518403035345
2024-04-13 23:30:00,-0.007506676189293224
2024-04-14 00:00:00,-0.00574943699225272
2024-04-14 00:30:00,0.001812231540192273
2024-04-14 01:00:00,0.0017294834683712834
2024-04-14 01:30:00,-0.000614590471872171
2024-04-14 02:00:00,-0.0036979688782001687
2024-04-14 02:30:00,-0.006663636047280848
2024-04-14 03:00:00,-0.005525315538697621
2024-04-14 03:30:00,0.011188860680560886
2024-04-14 04:00:00,0.011203932056014143
2024-04-14 04:30:00,-0.002982308182757843
2024-04-14 05:00:00,0.004864205638163118
2024-04-14 05:30:00,0.0018033832964384263
2024-04-14 06:00:00,0.00422620526838964
2024-04-14 06:30:00,-9.496397091688825e-05
2024-04-14 07:00:00,-0.0010821350729164937
2024-04-14 07:30:00,-0.0017915763394239252
2024-04-14 08:00:00,0.005941583170840245
2024-04-14 08:30:00,-0.00488316172770727
2024-04-14 09:00:00,-0.002942941705083741
2024-04-14 09:30:00,-0.0032105620138773573
2024-04-14 10:00:00,0.0024654560173686265
2024-04-14 10:30:00,0.002565470914164083
2024-04-14 11:00:00,-0.005384966124048548
2024-04-14 11:30:00,0.0008722490501891905
2024-04-14 12:00:00,0.0010094122982480113
2024-04-14 12:30:00,0.004583936496529241
2024-04-14 13:00:00,0.001125915823650454
2024-04-14 13:30:00,-0.003475035566171705
2024-04-14 14:00:00,-0.00580115118924069
2024-04-14 14:30:00,-0.001280937700146452
2024-04-14 15:00:00,0.006404610155320872
2024-04-14 15:30:00,-0.002276323930393585
2024-04-14 16:00:00,0.00697636589531665
2024-04-14 16:30:00,-0.0033477371441462734
2024-04-14 17:00:00,-0.020166309644201925
2024-04-14 17:30:00,0.011965125642058433
2024-04-14 18:00:00,0.00727760148692851
2024-04-14 18:30:00,0.0009994812956323543
2024-04-14 19:00:00,-0.006104413405019166
2024-04-14 19:30:00,0.002563098228767148
2024-04-14 20:00:00,-0.000751145965115104
2024-04-14 20:30:00,-0.004336683331661995
2024-04-14 21:00:00,-0.0033192700456671194
2024-04-14 21:30:00,0.0008125040762717279
2024-04-14 22:00:00,0.02551028820477945
2024-04-14 22:30:00,0.00036152498312195245
2024-04-14 23:00:00,0.003087847918630025
2024-04-14 23:30:00,0.0019811692026537025
2024-04-15 00:00:00,-0.002626791660606626
2024-04-15 00:30:00,-6.306367935184251e-05
2024-04-15 01:00:00,0.001339997025282957
2024-04-15 01:30:00,-0.00453464285665265
2024-04-15 02:00:00,-0.0009349584216957974
2024-04-15 02:30:00,-0.0013012423598396767
2024-04-15 03:00:00,0.001479201587354907
2024-04-15 03:30:00,-0.0013471609353683995
2024-04-15 04:00:00,-0.002996705466224076
2024-04-15 04:30:00,-0.000567420748567298
2024-04-15 05:00:00,0.003167651499172818
2024-04-15 05:30:00,0.005452320188697101
2024-04-15 06:00:00,0.013331657163875323
2024-04-15 06:30:00,0.0018709815613653146
2024-04-15 07:00:00,1.1735741788386157e-05
2024-04-15 07:30:00,-0.0030178552675251174
2024-04-15 08:00:00,-0.0011792253512624595
2024-04-15 08:30:00,0.0015337149867722078
2024-04-15 09:00:00,0.005390028424785254
2024-04-15 09:30:00,-0.0009919798332945792
2024-04-15 10:00:00,-0.0015228665036808402
2024-04-15 10:30:00,-0.00017208959489751837
2024-04-15 11:00:00,-0.004046004570486836
2024-04-15 11:30:00,-0.005083942301620779
2024-04-15 12:00:00,0.0024588476304021668
2024-04-15 12:30:00,9.23933466489504e-05
2024-04-15 13:00:00,0.0018451215594798666
2024-04-15 13:30:00,-0.004296599288979502
2024-04-15 14:00:00,-0.007690943612904906
2024-04-15 14:30:00,-0.017196811283367735
2024-04-15 15:00:00,0.006560260915930139
2024-04-15 15:30:00,-0.0013587154053427105
2024-04-15 16:00:00,-0.007032188920965
2024-04-15 16:30:00,0.0005284277107615891
2024-04-15 17:00:00,-0.005470578396008897
2024-04-15 17:30:00,0.0017365832524657376
2024-04-15 18:00:00,-0.006751686161210612
2024-04-15 18:30:00,-0.0048225349059556125
2024-04-15 19:00:00,-0.0007463884455586239
2024-04-15 19:30:00,0.0028105133254229947
2024-04-15 20:00:00,-0.0004865633477833629
2024-04-15 20:30:00,-0.0024869484597119652
2024-04-15 21:00:00,-0.0013361756444318527
2024-04-15 21:30:00,0.00371751694428397
2024-04-15 22:00:00,-0.003397565778637577
2024-04-15 22:30:00,0.006534386499175282
2024-04-15 23:00:00,-0.002696817742457635
2024-04-15 23:30:00,0.002072086947384878
2024-04-16 00:00:00,-0.002396562976436893
2024-04-16 00:30:00,-0.00020958462413861727
2024-04-16 01:00:00,0.005837665288008488
2024-04-16 01:30:00,-0.007489468205477807
2024-04-16 02:00:00,-0.005573775683914662
2024-04-16 02:30:00,0.009650686919912995
2024-04-16 03:00:00,-0.004125450540964571
2024-04-16 03:30:00,-0.0029140010950270655
2024-04-16 04:00:00,-0.008328673994535811
2024-04-16 04:30:00,0.0008864092353142061
2024-04-16 05:00:00,0.003388224750748174
2024-04-16 05:30:00,2.7113795483262184e-05
2024-04-16 06:00:00,0.0038489381488892092
2024-04-16 06:30:00,0.004025627508867798
2024-04-16 07:00:00,0.0014816015094834786
2024-04-16 07:30:00,0.0035936876617092663
2024-04-16 08:00:00,-0.004316852808213629
2024-04-16 08:30:00,0.0007351128577706875
2024-04-16 09:00:00,0.0032348699162943386
2024-04-16 09:30:00,-0.0039534936097890905
2024-04-16 10:00:00,-0.021223019193835544
2024-04-16 10:30:00,0.01065008249597464
2024-04-16 11:00:00,0.0005393289750095663
2024-04-16 11:30:00,0.008017035781659753
2024-04-16 12:00:00,0.0012619114487478094
2024-04-16 12:30:00,-0.0020022357164407147
2024-04-16 13:00:00,0.002028616981253001
2024-04-16 13:30:00,-0.007651191643379716
2024-04-16 14:00:00,-0.0042786678642598875
2024-04-16 14:30:00,-0.005319252892068473
2024-04-16 15:00:00,0.002691001692324187
2024-04-16 15:30:00,-0.007982755962171052
2024-04-16 16:00:00,0.00171787949876775
2024-04-16 16:30:00,0.013942683723762214
2024-04-16 17:00:00,0.004472915974888986
2024-04-16 17:30:00,-0.008270239010415285
2024-04-16 18:00:00,0.0029476541745551686
2024-04-16 18:30:00,0.005254922371226457
2024-04-16 19:00:00,-0.0007282085419115503
2024-04-16 19:30:00,-0.003758375616779786
2024-04-16 20:00:00,0.0032363739155819304
2024-04-16 20:30:00,0.0015145153503203193
2024-04-16 21:00:00,0.010146346231569037
2024-04-16 21:30:00,0.005466142730463745
2024-04-16 22:00:00,-0.005128961454438434
2024-04-16 22:30:00,0.0016291128464514496
2024-04-16 23:00:00,0.0008041383099079259
2024-04-16 23:30:00,-0.0006336764324376709
2024-04-17 00:00:00,-0.0010356870773465547
2024-04-17 00:30:00,0.004633177005846546
2024-04-17 01:00:00,-0.0011341307600753576
2024-04-17 01:30:00,0.0010578578667487118
2024-04-17 02:00:00,-0.0026317746171210924
2024-04-17 02:30:00,-0.00014205357471477238
2024-04-17 03:00:00,0.002762840716546682
2024-04-17 03:30:00,-0.002725235751794013
2024-04-17 04:00:00,-0.0009572064046209148
2024-04-17 04:30:00,0.0050201533624789725
2024-04-17 05:00:00,0.0015034061032640873
2024-04-17 05:30:00,-0.004197516787263319
2024-04-17 06:00:00,-0.001304592462677963
2024-04-17 06:30:00,0.000568724595545304
2024-04-17 07:00:00,-0.004295179217832138
2024-04-17 07:30:00,-0.004853274521770943
2024-04-17 08:00:00,0.0045205326879190905
2024-04-17 08:30:00,-0.004061399732857249
2024-04-17 09:00:00,0.0028132311400605606
2024-04-17 09:30:00,-0.0028935226193158815
2024-04-17 10:00:00,-0.0056358038261432155
2024-04-17 10:30:00,-0.001036318146653391
2024-04-17 11:00:00,0.0014380414019194091
2024-04-17 11:30:00,-0.006246379298821056
2024-04-17 12:00:00,-0.002666025934323189
2024-04-17 12:30:00,-0.0017687527922090021
2024-04-17 13:00:00,0.00033184761454840947
2024-04-17 13:30:00,0.004771212630407081
2024-04-17 14:00:00,-0.01825199869467781
2024-04-17 14:30:00,-0.003463665982845071
2024-04-17 15:00:00,-0.013975928387319482
2024-04-17 15:30:00,-0.0019573601009678743
2024-04-17 16:00:00,0.007943792342088052
